{"cameraMode":{"drawMode":0,"name":"Shaded","section":"Shading Mode"},"sceneLighting":true,"audioPlay":false,"sceneViewState":{"m_AlwaysRefresh":false,"showFog":true,"showSkybox":true,"showFlares":true,"showImageEffects":true,"showParticleSystems":true,"showVisualEffectGraphs":true,"m_FxEnabled":true},"in2DMode":false,"pivot":{"x":13.324285507202149,"y":-1.2149384021759034,"z":2.1433029174804689},"rotation":{"x":0.07799825817346573,"y":-0.2063383311033249,"z":0.016503095626831056,"w":0.9752289056777954},"size":1.2247449159622193,"orthographic":false}