{"cameraMode":{"drawMode":0,"name":"Shaded","section":"Shading Mode"},"sceneLighting":true,"audioPlay":false,"sceneViewState":{"m_AlwaysRefresh":false,"showFog":true,"showSkybox":true,"showFlares":true,"showImageEffects":true,"showParticleSystems":true,"showVisualEffectGraphs":true,"m_FxEnabled":true},"in2DMode":false,"pivot":{"x":1.7882795333862305,"y":1.9040768146514893,"z":1.1624996662139893},"rotation":{"x":0.02673361822962761,"y":-0.5146622061729431,"z":-0.01605735905468464,"w":-0.8568292260169983},"size":3.5093612670898439,"orthographic":false}