{"cameraMode":{"drawMode":0,"name":"Shaded","section":"Shading Mode"},"sceneLighting":true,"audioPlay":false,"sceneViewState":{"m_AlwaysRefresh":false,"showFog":true,"showSkybox":true,"showFlares":true,"showImageEffects":true,"showParticleSystems":true,"showVisualEffectGraphs":true,"m_FxEnabled":true},"in2DMode":false,"pivot":{"x":-34.29280090332031,"y":-2.225492238998413,"z":52.465938568115237},"rotation":{"x":0.07591123133897782,"y":-0.11581739783287049,"z":0.008866047486662865,"w":0.9903387427330017},"size":14.567682266235352,"orthographic":false}